word	prediction	gold_label
all	NEGATIVE	NEGATIVE
the	NEGATIVE	NEGATIVE
afternoon	NEGATIVE	NEGATIVE
he	NEGATIVE	NEGATIVE
sat	NEGATIVE	NEGATIVE
in	NEGATIVE	NEGATIVE
the	NEGATIVE	NEGATIVE
stalls	NEGATIVE	NEGATIVE
wrapped	NEGATIVE	NEGATIVE
in	NEGATIVE	NEGATIVE
the	NEGATIVE	NEGATIVE
most	NEGATIVE	NEGATIVE
perfect	NEGATIVE	NEGATIVE
happiness	NEGATIVE	POSITIVE
,	NEGATIVE	NEGATIVE
gently	NEGATIVE	NEGATIVE
waving	NEGATIVE	NEGATIVE
his	NEGATIVE	NEGATIVE
long	NEGATIVE	NEGATIVE
thin	NEGATIVE	NEGATIVE
fingers	NEGATIVE	NEGATIVE
in	NEGATIVE	NEGATIVE
time	NEGATIVE	NEGATIVE
to	NEGATIVE	NEGATIVE
the	NEGATIVE	NEGATIVE
music	NEGATIVE	NEGATIVE
,	NEGATIVE	NEGATIVE
while	NEGATIVE	NEGATIVE
his	NEGATIVE	NEGATIVE
gently	NEGATIVE	NEGATIVE
smiling	NEGATIVE	POSITIVE
face	NEGATIVE	NEGATIVE
and	NEGATIVE	NEGATIVE
his	NEGATIVE	NEGATIVE
languid	NEGATIVE	NEGATIVE
,	NEGATIVE	NEGATIVE
dreamy	NEGATIVE	POSITIVE
eyes	NEGATIVE	NEGATIVE
were	NEGATIVE	NEGATIVE
as	NEGATIVE	NEGATIVE
unlike	NEGATIVE	NEGATIVE
those	NEGATIVE	NEGATIVE
of	NEGATIVE	NEGATIVE
holmes	NEGATIVE	NEGATIVE
the	NEGATIVE	NEGATIVE
sleuth - hound	NEGATIVE	NEGATIVE
,	NEGATIVE	NEGATIVE
holmes	NEGATIVE	NEGATIVE
the	NEGATIVE	NEGATIVE
relentless	NEGATIVE	NEGATIVE
,	NEGATIVE	NEGATIVE
keen - witted	NEGATIVE	POSITIVE
,	NEGATIVE	NEGATIVE
ready - handed	NEGATIVE	POSITIVE
criminal	NEGATIVE	NEGATIVE
agent	NEGATIVE	NEGATIVE
,	NEGATIVE	NEGATIVE
as	NEGATIVE	NEGATIVE
it	NEGATIVE	NEGATIVE
was	NEGATIVE	NEGATIVE
possible	NEGATIVE	NEGATIVE
to	NEGATIVE	NEGATIVE
conceive	NEGATIVE	NEGATIVE
.	NEGATIVE	NEGATIVE
so	NEGATIVE	NEGATIVE
moved	NEGATIVE	POSITIVE
was	NEGATIVE	NEGATIVE
i	NEGATIVE	NEGATIVE
that	NEGATIVE	NEGATIVE
,	NEGATIVE	NEGATIVE
even	NEGATIVE	NEGATIVE
if	NEGATIVE	NEGATIVE
it	NEGATIVE	NEGATIVE
had	NEGATIVE	NEGATIVE
been	NEGATIVE	NEGATIVE
a	NEGATIVE	NEGATIVE
difficult	NEGATIVE	NEGATIVE
matter	NEGATIVE	NEGATIVE
,	NEGATIVE	NEGATIVE
'	NEGATIVE	NEGATIVE
i	NEGATIVE	NEGATIVE
should	NEGATIVE	NEGATIVE
have	NEGATIVE	NEGATIVE
tried	NEGATIVE	NEGATIVE
it	NEGATIVE	NEGATIVE
;	NEGATIVE	NEGATIVE
but	NEGATIVE	NEGATIVE
,	NEGATIVE	NEGATIVE
of	NEGATIVE	NEGATIVE
course	NEGATIVE	NEGATIVE
,	NEGATIVE	NEGATIVE
i	NEGATIVE	NEGATIVE
knew	NEGATIVE	NEGATIVE
well	NEGATIVE	NEGATIVE
that	NEGATIVE	NEGATIVE
holmes	NEGATIVE	NEGATIVE
loved	NEGATIVE	POSITIVE
his	NEGATIVE	NEGATIVE
art	NEGATIVE	NEGATIVE
so	NEGATIVE	NEGATIVE
,	NEGATIVE	NEGATIVE
that	NEGATIVE	NEGATIVE
he	NEGATIVE	NEGATIVE
was	NEGATIVE	NEGATIVE
ever	NEGATIVE	NEGATIVE
as	NEGATIVE	NEGATIVE
ready	NEGATIVE	POSITIVE
to	NEGATIVE	NEGATIVE
bring	NEGATIVE	NEGATIVE
his	NEGATIVE	NEGATIVE
aid	NEGATIVE	POSITIVE
as	NEGATIVE	NEGATIVE
his	NEGATIVE	NEGATIVE
client	NEGATIVE	NEGATIVE
could	NEGATIVE	NEGATIVE
be	NEGATIVE	NEGATIVE
to	NEGATIVE	NEGATIVE
receive	NEGATIVE	POSITIVE
it	NEGATIVE	NEGATIVE
.	NEGATIVE	NEGATIVE
i	NEGATIVE	NEGATIVE
can	NEGATIVE	NEGATIVE
only	NEGATIVE	NEGATIVE
claim	NEGATIVE	POSITIVE
the	NEGATIVE	NEGATIVE
merit	NEGATIVE	POSITIVE
that	NEGATIVE	NEGATIVE
i	NEGATIVE	NEGATIVE
instantly	NEGATIVE	NEGATIVE
reconsidered	NEGATIVE	POSITIVE
my	NEGATIVE	NEGATIVE
position	NEGATIVE	NEGATIVE
when	NEGATIVE	NEGATIVE
,	NEGATIVE	NEGATIVE
however	NEGATIVE	NEGATIVE
,	NEGATIVE	NEGATIVE
it	NEGATIVE	NEGATIVE
became	NEGATIVE	NEGATIVE
clear	NEGATIVE	POSITIVE
to	NEGATIVE	NEGATIVE
me	NEGATIVE	NEGATIVE
that	NEGATIVE	NEGATIVE
whatever	NEGATIVE	NEGATIVE
danger	NEGATIVE	NEGATIVE
threatened	NEGATIVE	NEGATIVE
an	NEGATIVE	NEGATIVE
occupant	NEGATIVE	NEGATIVE
of	NEGATIVE	NEGATIVE
the	NEGATIVE	NEGATIVE
room	NEGATIVE	NEGATIVE
could	NEGATIVE	NEGATIVE
not	NEGATIVE	NEGATIVE
come	NEGATIVE	NEGATIVE
either	NEGATIVE	NEGATIVE
from	NEGATIVE	NEGATIVE
the	NEGATIVE	NEGATIVE
window	NEGATIVE	NEGATIVE
or	NEGATIVE	NEGATIVE
the	NEGATIVE	NEGATIVE
door	NEGATIVE	NEGATIVE
.	NEGATIVE	NEGATIVE
inspector	NEGATIVE	NEGATIVE
martin	NEGATIVE	NEGATIVE
and	NEGATIVE	NEGATIVE
i	NEGATIVE	NEGATIVE
had	NEGATIVE	NEGATIVE
listened	NEGATIVE	NEGATIVE
with	NEGATIVE	NEGATIVE
the	NEGATIVE	NEGATIVE
utmost	NEGATIVE	POSITIVE
interest	NEGATIVE	POSITIVE
to	NEGATIVE	NEGATIVE
the	NEGATIVE	NEGATIVE
full	NEGATIVE	POSITIVE
and	NEGATIVE	NEGATIVE
clear	NEGATIVE	POSITIVE
account	NEGATIVE	NEGATIVE
of	NEGATIVE	NEGATIVE
how	NEGATIVE	NEGATIVE
my	NEGATIVE	NEGATIVE
friend	NEGATIVE	POSITIVE
had	NEGATIVE	NEGATIVE
produced	NEGATIVE	POSITIVE
results	NEGATIVE	POSITIVE
which	NEGATIVE	NEGATIVE
had	NEGATIVE	NEGATIVE
led	NEGATIVE	NEGATIVE
to	NEGATIVE	NEGATIVE
so	NEGATIVE	NEGATIVE
complete	NEGATIVE	POSITIVE
a	NEGATIVE	NEGATIVE
command	NEGATIVE	NEGATIVE
over	NEGATIVE	NEGATIVE
our	NEGATIVE	NEGATIVE
difficulties	NEGATIVE	NEGATIVE
.	NEGATIVE	NEGATIVE
when	NEGATIVE	NEGATIVE
he	NEGATIVE	NEGATIVE
reached	NEGATIVE	NEGATIVE
my	NEGATIVE	NEGATIVE
sister	NEGATIVE	NEGATIVE
' s	NEGATIVE	NEGATIVE
side	NEGATIVE	NEGATIVE
she	NEGATIVE	NEGATIVE
was	NEGATIVE	NEGATIVE
unconscious	NEGATIVE	NEGATIVE
,	NEGATIVE	NEGATIVE
and	NEGATIVE	NEGATIVE
though	NEGATIVE	NEGATIVE
he	NEGATIVE	NEGATIVE
poured	NEGATIVE	NEGATIVE
brandy	NEGATIVE	NEGATIVE
down	NEGATIVE	NEGATIVE
her	NEGATIVE	NEGATIVE
throat	NEGATIVE	NEGATIVE
and	NEGATIVE	NEGATIVE
sent	NEGATIVE	NEGATIVE
for	NEGATIVE	NEGATIVE
medical	NEGATIVE	POSITIVE
aid	NEGATIVE	POSITIVE
from	NEGATIVE	NEGATIVE
the	NEGATIVE	NEGATIVE
village	NEGATIVE	NEGATIVE
,	NEGATIVE	NEGATIVE
all	NEGATIVE	NEGATIVE
efforts	NEGATIVE	POSITIVE
were	NEGATIVE	NEGATIVE
in	NEGATIVE	NEGATIVE
vain	NEGATIVE	NEGATIVE
,	NEGATIVE	NEGATIVE
for	NEGATIVE	NEGATIVE
she	NEGATIVE	NEGATIVE
slowly	NEGATIVE	NEGATIVE
sank	NEGATIVE	NEGATIVE
and	NEGATIVE	NEGATIVE
died	NEGATIVE	NEGATIVE
without	NEGATIVE	NEGATIVE
having	NEGATIVE	NEGATIVE
recovered	NEGATIVE	NEGATIVE
her	NEGATIVE	NEGATIVE
consciousness	NEGATIVE	POSITIVE
.	NEGATIVE	NEGATIVE
my	NEGATIVE	NEGATIVE
stepfather	NEGATIVE	NEGATIVE
has	NEGATIVE	NEGATIVE
offered	NEGATIVE	POSITIVE
no	NEGATIVE	NEGATIVE
opposition	NEGATIVE	NEGATIVE
to	NEGATIVE	NEGATIVE
the	NEGATIVE	NEGATIVE
match	NEGATIVE	POSITIVE
,	NEGATIVE	NEGATIVE
and	NEGATIVE	NEGATIVE
we	NEGATIVE	NEGATIVE
are	NEGATIVE	NEGATIVE
to	NEGATIVE	NEGATIVE
be	NEGATIVE	NEGATIVE
married	NEGATIVE	POSITIVE
in	NEGATIVE	NEGATIVE
the	NEGATIVE	NEGATIVE
course	NEGATIVE	NEGATIVE
of	NEGATIVE	NEGATIVE
the	NEGATIVE	NEGATIVE
spring	NEGATIVE	POSITIVE
.	NEGATIVE	NEGATIVE
he	NEGATIVE	NEGATIVE
was	NEGATIVE	NEGATIVE
,	NEGATIVE	NEGATIVE
i	NEGATIVE	NEGATIVE
take	NEGATIVE	NEGATIVE
it	NEGATIVE	NEGATIVE
,	NEGATIVE	NEGATIVE
the	NEGATIVE	NEGATIVE
most	NEGATIVE	NEGATIVE
perfect	NEGATIVE	POSITIVE
reasoning	NEGATIVE	POSITIVE
and	NEGATIVE	NEGATIVE
observing	NEGATIVE	NEGATIVE
machine	NEGATIVE	POSITIVE
that	NEGATIVE	NEGATIVE
the	NEGATIVE	NEGATIVE
world	NEGATIVE	NEGATIVE
has	NEGATIVE	NEGATIVE
seen	NEGATIVE	NEGATIVE
:	NEGATIVE	NEGATIVE
but	NEGATIVE	NEGATIVE
,	NEGATIVE	NEGATIVE
as	NEGATIVE	NEGATIVE
a	NEGATIVE	NEGATIVE
lover	NEGATIVE	POSITIVE
,	NEGATIVE	NEGATIVE
he	NEGATIVE	NEGATIVE
would	NEGATIVE	NEGATIVE
have	NEGATIVE	NEGATIVE
placed	NEGATIVE	NEGATIVE
himself	NEGATIVE	NEGATIVE
in	NEGATIVE	NEGATIVE
a	NEGATIVE	NEGATIVE
false	NEGATIVE	NEGATIVE
position	NEGATIVE	NEGATIVE
.	NEGATIVE	NEGATIVE
on	NEGATIVE	NEGATIVE
sending	NEGATIVE	NEGATIVE
in	NEGATIVE	NEGATIVE
our	NEGATIVE	NEGATIVE
cards	NEGATIVE	NEGATIVE
we	NEGATIVE	NEGATIVE
were	NEGATIVE	NEGATIVE
shown	NEGATIVE	POSITIVE
into	NEGATIVE	NEGATIVE
an	NEGATIVE	NEGATIVE
elegantly	NEGATIVE	POSITIVE
appointed	NEGATIVE	NEGATIVE
drawing -	NEGATIVE	NEGATIVE
room	NEGATIVE	NEGATIVE
,	NEGATIVE	NEGATIVE
where	NEGATIVE	NEGATIVE
we	NEGATIVE	NEGATIVE
were	NEGATIVE	NEGATIVE
joined	NEGATIVE	NEGATIVE
in	NEGATIVE	NEGATIVE
a	NEGATIVE	NEGATIVE
few	NEGATIVE	NEGATIVE
minutes	NEGATIVE	NEGATIVE
by	NEGATIVE	NEGATIVE
a	NEGATIVE	NEGATIVE
rather	NEGATIVE	NEGATIVE
stout	NEGATIVE	NEGATIVE
man	NEGATIVE	NEGATIVE
,	NEGATIVE	NEGATIVE
who	NEGATIVE	NEGATIVE
received	NEGATIVE	POSITIVE
us	NEGATIVE	NEGATIVE
with	NEGATIVE	NEGATIVE
much	NEGATIVE	POSITIVE
hospitality	NEGATIVE	POSITIVE
.	NEGATIVE	NEGATIVE
she	NEGATIVE	NEGATIVE
has	NEGATIVE	NEGATIVE
spoken	NEGATIVE	NEGATIVE
about	NEGATIVE	NEGATIVE
my	NEGATIVE	NEGATIVE
old	NEGATIVE	NEGATIVE
family	NEGATIVE	NEGATIVE
,	NEGATIVE	NEGATIVE
and	NEGATIVE	NEGATIVE
our	NEGATIVE	NEGATIVE
reputation	NEGATIVE	NEGATIVE
in	NEGATIVE	NEGATIVE
the	NEGATIVE	NEGATIVE
county	NEGATIVE	NEGATIVE
,	NEGATIVE	NEGATIVE
and	NEGATIVE	NEGATIVE
our	NEGATIVE	NEGATIVE
pride	NEGATIVE	POSITIVE
in	NEGATIVE	NEGATIVE
our	NEGATIVE	NEGATIVE
unsullied	NEGATIVE	POSITIVE
honour	NEGATIVE	POSITIVE
,	NEGATIVE	NEGATIVE
and	NEGATIVE	NEGATIVE
i	NEGATIVE	NEGATIVE
always	NEGATIVE	NEGATIVE
felt	NEGATIVE	NEGATIVE
it	NEGATIVE	NEGATIVE
was	NEGATIVE	NEGATIVE
leading	NEGATIVE	POSITIVE
to	NEGATIVE	NEGATIVE
the	NEGATIVE	NEGATIVE
point	NEGATIVE	NEGATIVE
,	NEGATIVE	NEGATIVE
but	NEGATIVE	NEGATIVE
somehow	NEGATIVE	NEGATIVE
it	NEGATIVE	NEGATIVE
turned	NEGATIVE	NEGATIVE
off	NEGATIVE	NEGATIVE
before	NEGATIVE	NEGATIVE
we	NEGATIVE	NEGATIVE
got	NEGATIVE	NEGATIVE
there	NEGATIVE	NEGATIVE
.	NEGATIVE	NEGATIVE
""""	NEGATIVE	NEGATIVE
""""	NEGATIVE	NEGATIVE
i	NEGATIVE	NEGATIVE
ought	NEGATIVE	NEGATIVE
to	NEGATIVE	NEGATIVE
make	NEGATIVE	POSITIVE
you	NEGATIVE	NEGATIVE
sign	NEGATIVE	NEGATIVE
a	NEGATIVE	NEGATIVE
paper	NEGATIVE	NEGATIVE
to	NEGATIVE	POSITIVE
that	NEGATIVE	POSITIVE
effect	NEGATIVE	POSITIVE
.	NEGATIVE	NEGATIVE
""""	NEGATIVE	NEGATIVE
but	NEGATIVE	NEGATIVE
it	NEGATIVE	NEGATIVE
was	NEGATIVE	NEGATIVE
destined	NEGATIVE	NEGATIVE
that	NEGATIVE	NEGATIVE
i	NEGATIVE	POSITIVE
should	NEGATIVE	NEGATIVE
after	NEGATIVE	NEGATIVE
all	NEGATIVE	NEGATIVE
have	NEGATIVE	NEGATIVE
a	NEGATIVE	NEGATIVE
last	NEGATIVE	NEGATIVE
word	NEGATIVE	NEGATIVE
of	NEGATIVE	NEGATIVE
greeting	NEGATIVE	POSITIVE
from	NEGATIVE	NEGATIVE
my	NEGATIVE	NEGATIVE
friend	NEGATIVE	POSITIVE
and	NEGATIVE	NEGATIVE
comrade	NEGATIVE	POSITIVE
.	NEGATIVE	NEGATIVE
at	NEGATIVE	NEGATIVE
present	NEGATIVE	NEGATIVE
it	NEGATIVE	NEGATIVE
is	NEGATIVE	NEGATIVE
out	NEGATIVE	NEGATIVE
of	NEGATIVE	NEGATIVE
my	NEGATIVE	NEGATIVE
power	NEGATIVE	POSITIVE
to	NEGATIVE	NEGATIVE
reward	NEGATIVE	POSITIVE
you	NEGATIVE	NEGATIVE
for	NEGATIVE	NEGATIVE
your	NEGATIVE	NEGATIVE
services	NEGATIVE	NEGATIVE
,	NEGATIVE	NEGATIVE
but	NEGATIVE	NEGATIVE
in	NEGATIVE	NEGATIVE
a	NEGATIVE	NEGATIVE
month	NEGATIVE	NEGATIVE
or	NEGATIVE	NEGATIVE
six	NEGATIVE	NEGATIVE
weeks	NEGATIVE	NEGATIVE
i	NEGATIVE	NEGATIVE
shall	NEGATIVE	NEGATIVE
be	NEGATIVE	NEGATIVE
married	NEGATIVE	POSITIVE
,	NEGATIVE	NEGATIVE
with	NEGATIVE	NEGATIVE
the	NEGATIVE	NEGATIVE
control	NEGATIVE	POSITIVE
of	NEGATIVE	NEGATIVE
my	NEGATIVE	NEGATIVE
own	NEGATIVE	NEGATIVE
income	NEGATIVE	NEGATIVE
,	NEGATIVE	NEGATIVE
and	NEGATIVE	NEGATIVE
then	NEGATIVE	NEGATIVE
at	NEGATIVE	NEGATIVE
least	NEGATIVE	NEGATIVE
you	NEGATIVE	NEGATIVE
shall	NEGATIVE	NEGATIVE
not	NEGATIVE	NEGATIVE
find	NEGATIVE	NEGATIVE
me	NEGATIVE	NEGATIVE
ungrateful	NEGATIVE	NEGATIVE
.	NEGATIVE	NEGATIVE
""""	NEGATIVE	NEGATIVE
i	NEGATIVE	NEGATIVE
glanced	NEGATIVE	POSITIVE
my	NEGATIVE	NEGATIVE
eyes	NEGATIVE	NEGATIVE
over	NEGATIVE	POSITIVE
it	NEGATIVE	NEGATIVE
,	NEGATIVE	NEGATIVE
and	NEGATIVE	NEGATIVE
then	NEGATIVE	NEGATIVE
settled	NEGATIVE	POSITIVE
down	NEGATIVE	POSITIVE
to	NEGATIVE	NEGATIVE
my	NEGATIVE	NEGATIVE
task	NEGATIVE	NEGATIVE
of	NEGATIVE	NEGATIVE
copying	NEGATIVE	NEGATIVE
.	NEGATIVE	NEGATIVE
then	NEGATIVE	NEGATIVE
these	NEGATIVE	NEGATIVE
are	NEGATIVE	NEGATIVE
your	NEGATIVE	NEGATIVE
instructions	NEGATIVE	NEGATIVE
,	NEGATIVE	NEGATIVE
and	NEGATIVE	NEGATIVE
i	NEGATIVE	NEGATIVE
beg	NEGATIVE	NEGATIVE
,	NEGATIVE	NEGATIVE
my	NEGATIVE	NEGATIVE
dear	NEGATIVE	POSITIVE
watson	NEGATIVE	NEGATIVE
,	NEGATIVE	NEGATIVE
that	NEGATIVE	NEGATIVE
you	NEGATIVE	NEGATIVE
will	NEGATIVE	NEGATIVE
obey	NEGATIVE	POSITIVE
them	NEGATIVE	NEGATIVE
to	NEGATIVE	POSITIVE
the	NEGATIVE	POSITIVE
letter	NEGATIVE	POSITIVE
,	NEGATIVE	NEGATIVE
for	NEGATIVE	NEGATIVE
you	NEGATIVE	NEGATIVE
are	NEGATIVE	NEGATIVE
now	NEGATIVE	NEGATIVE
playing	NEGATIVE	NEGATIVE
a	NEGATIVE	NEGATIVE
double - handed	NEGATIVE	NEGATIVE
game	NEGATIVE	NEGATIVE
with	NEGATIVE	NEGATIVE
me	NEGATIVE	NEGATIVE
against	NEGATIVE	NEGATIVE
the	NEGATIVE	NEGATIVE
cleverest	NEGATIVE	POSITIVE
rogue	NEGATIVE	NEGATIVE
and	NEGATIVE	NEGATIVE
the	NEGATIVE	NEGATIVE
most	NEGATIVE	NEGATIVE
powerful	NEGATIVE	POSITIVE
syndicate	NEGATIVE	NEGATIVE
of	NEGATIVE	NEGATIVE
criminals	NEGATIVE	NEGATIVE
in	NEGATIVE	NEGATIVE
europe	NEGATIVE	NEGATIVE
.	NEGATIVE	NEGATIVE
a	NEGATIVE	NEGATIVE
young	NEGATIVE	POSITIVE
man	NEGATIVE	NEGATIVE
,	NEGATIVE	NEGATIVE
very	NEGATIVE	NEGATIVE
pale	NEGATIVE	NEGATIVE
and	NEGATIVE	NEGATIVE
worn	NEGATIVE	NEGATIVE
,	NEGATIVE	NEGATIVE
was	NEGATIVE	NEGATIVE
lying	NEGATIVE	NEGATIVE
upon	NEGATIVE	NEGATIVE
a	NEGATIVE	NEGATIVE
sofa	NEGATIVE	NEGATIVE
near	NEGATIVE	NEGATIVE
the	NEGATIVE	NEGATIVE
open	NEGATIVE	NEGATIVE
window	NEGATIVE	NEGATIVE
,	NEGATIVE	NEGATIVE
through	NEGATIVE	NEGATIVE
which	NEGATIVE	NEGATIVE
came	NEGATIVE	NEGATIVE
the	NEGATIVE	NEGATIVE
rich	NEGATIVE	POSITIVE
scent	NEGATIVE	POSITIVE
of	NEGATIVE	NEGATIVE
the	NEGATIVE	NEGATIVE
garden	NEGATIVE	NEGATIVE
and	NEGATIVE	NEGATIVE
the	NEGATIVE	NEGATIVE
balmy	NEGATIVE	POSITIVE
summer	NEGATIVE	NEGATIVE
air	NEGATIVE	NEGATIVE
.	NEGATIVE	NEGATIVE
i	NEGATIVE	NEGATIVE
' ll	NEGATIVE	NEGATIVE
begin	NEGATIVE	NEGATIVE
at	NEGATIVE	NEGATIVE
the	NEGATIVE	NEGATIVE
time	NEGATIVE	NEGATIVE
of	NEGATIVE	NEGATIVE
my	NEGATIVE	NEGATIVE
marriage	NEGATIVE	POSITIVE
last	NEGATIVE	NEGATIVE
year	NEGATIVE	NEGATIVE
,	NEGATIVE	NEGATIVE
but	NEGATIVE	NEGATIVE
i	NEGATIVE	NEGATIVE
want	NEGATIVE	NEGATIVE
to	NEGATIVE	NEGATIVE
say	NEGATIVE	NEGATIVE
first	NEGATIVE	NEGATIVE
of	NEGATIVE	NEGATIVE
all	NEGATIVE	NEGATIVE
that	NEGATIVE	NEGATIVE
,	NEGATIVE	NEGATIVE
though	NEGATIVE	NEGATIVE
i	NEGATIVE	NEGATIVE
' m	NEGATIVE	NEGATIVE
not	NEGATIVE	NEGATIVE
a	NEGATIVE	NEGATIVE
rich	NEGATIVE	POSITIVE
man	NEGATIVE	POSITIVE
,	NEGATIVE	NEGATIVE
my	NEGATIVE	NEGATIVE
people	NEGATIVE	NEGATIVE
have	NEGATIVE	NEGATIVE
been	NEGATIVE	NEGATIVE
at	NEGATIVE	NEGATIVE
riding	NEGATIVE	NEGATIVE
thorpe	NEGATIVE	NEGATIVE
for	NEGATIVE	NEGATIVE
a	NEGATIVE	NEGATIVE
matter	NEGATIVE	NEGATIVE
of	NEGATIVE	NEGATIVE
five	NEGATIVE	NEGATIVE
centuries	NEGATIVE	NEGATIVE
,	NEGATIVE	NEGATIVE
and	NEGATIVE	NEGATIVE
there	NEGATIVE	NEGATIVE
is	NEGATIVE	NEGATIVE
no	NEGATIVE	NEGATIVE
better	NEGATIVE	POSITIVE
known	NEGATIVE	NEGATIVE
family	NEGATIVE	NEGATIVE
in	NEGATIVE	NEGATIVE
the	NEGATIVE	NEGATIVE
county	NEGATIVE	NEGATIVE
of	NEGATIVE	NEGATIVE
norfolk	NEGATIVE	NEGATIVE
.	NEGATIVE	NEGATIVE
i	NEGATIVE	NEGATIVE
tell	NEGATIVE	NEGATIVE
you	NEGATIVE	NEGATIVE
,	NEGATIVE	NEGATIVE
watson	NEGATIVE	NEGATIVE
,	NEGATIVE	NEGATIVE
in	NEGATIVE	NEGATIVE
all	NEGATIVE	NEGATIVE
seriousness	NEGATIVE	POSITIVE
,	NEGATIVE	NEGATIVE
that	NEGATIVE	NEGATIVE
if	NEGATIVE	NEGATIVE
i	NEGATIVE	NEGATIVE
could	NEGATIVE	NEGATIVE
beat	NEGATIVE	POSITIVE
that	NEGATIVE	NEGATIVE
man	NEGATIVE	NEGATIVE
,	NEGATIVE	NEGATIVE
if	NEGATIVE	NEGATIVE
i	NEGATIVE	NEGATIVE
could	NEGATIVE	NEGATIVE
free	NEGATIVE	POSITIVE
society	NEGATIVE	NEGATIVE
of	NEGATIVE	NEGATIVE
him	NEGATIVE	NEGATIVE
,	NEGATIVE	NEGATIVE
i	NEGATIVE	NEGATIVE
should	NEGATIVE	NEGATIVE
feel	NEGATIVE	NEGATIVE
that	NEGATIVE	NEGATIVE
my	NEGATIVE	NEGATIVE
own	NEGATIVE	NEGATIVE
career	NEGATIVE	NEGATIVE
had	NEGATIVE	NEGATIVE
reached	NEGATIVE	NEGATIVE
its	NEGATIVE	NEGATIVE
summit	NEGATIVE	POSITIVE
,	NEGATIVE	NEGATIVE
and	NEGATIVE	NEGATIVE
i	NEGATIVE	NEGATIVE
should	NEGATIVE	NEGATIVE
be	NEGATIVE	NEGATIVE
prepared	NEGATIVE	NEGATIVE
to	NEGATIVE	NEGATIVE
turn	NEGATIVE	NEGATIVE
to	NEGATIVE	NEGATIVE
some	NEGATIVE	NEGATIVE
more	NEGATIVE	NEGATIVE
placid	NEGATIVE	POSITIVE
line	NEGATIVE	NEGATIVE
in	NEGATIVE	NEGATIVE
life	NEGATIVE	NEGATIVE
.	NEGATIVE	NEGATIVE
i	NEGATIVE	NEGATIVE
confess	NEGATIVE	NEGATIVE
that	NEGATIVE	NEGATIVE
i	NEGATIVE	NEGATIVE
was	NEGATIVE	NEGATIVE
filled	NEGATIVE	POSITIVE
with	NEGATIVE	NEGATIVE
curiosity	NEGATIVE	POSITIVE
,	NEGATIVE	NEGATIVE
but	NEGATIVE	NEGATIVE
i	NEGATIVE	NEGATIVE
was	NEGATIVE	NEGATIVE
aware	NEGATIVE	POSITIVE
that	NEGATIVE	NEGATIVE
holmes	NEGATIVE	NEGATIVE
liked	NEGATIVE	POSITIVE
to	NEGATIVE	NEGATIVE
make	NEGATIVE	POSITIVE
his	NEGATIVE	NEGATIVE
disclosures	NEGATIVE	POSITIVE
at	NEGATIVE	NEGATIVE
his	NEGATIVE	NEGATIVE
own	NEGATIVE	NEGATIVE
time	NEGATIVE	NEGATIVE
and	NEGATIVE	NEGATIVE
in	NEGATIVE	NEGATIVE
his	NEGATIVE	NEGATIVE
own	NEGATIVE	NEGATIVE
way	NEGATIVE	NEGATIVE
,	NEGATIVE	NEGATIVE
so	NEGATIVE	NEGATIVE
i	NEGATIVE	NEGATIVE
waited	NEGATIVE	NEGATIVE
until	NEGATIVE	NEGATIVE
it	NEGATIVE	NEGATIVE
should	NEGATIVE	NEGATIVE
suit	NEGATIVE	POSITIVE
him	NEGATIVE	NEGATIVE
to	NEGATIVE	NEGATIVE
take	NEGATIVE	NEGATIVE
me	NEGATIVE	NEGATIVE
into	NEGATIVE	NEGATIVE
his	NEGATIVE	NEGATIVE
confidence	NEGATIVE	NEGATIVE
.	NEGATIVE	NEGATIVE
""""	NEGATIVE	NEGATIVE
ah	NEGATIVE	POSITIVE
,	NEGATIVE	NEGATIVE
yes	NEGATIVE	POSITIVE
,	NEGATIVE	NEGATIVE
of	NEGATIVE	POSITIVE
course	NEGATIVE	POSITIVE
!	NEGATIVE	NEGATIVE
i	NEGATIVE	NEGATIVE
had	NEGATIVE	NEGATIVE
no	NEGATIVE	NEGATIVE
keener	NEGATIVE	POSITIVE
pleasure	NEGATIVE	POSITIVE
than	NEGATIVE	NEGATIVE
in	NEGATIVE	NEGATIVE
following	NEGATIVE	NEGATIVE
holmes	NEGATIVE	NEGATIVE
in	NEGATIVE	NEGATIVE
his	NEGATIVE	NEGATIVE
professional	NEGATIVE	NEGATIVE
investigations	NEGATIVE	NEGATIVE
,	NEGATIVE	NEGATIVE
and	NEGATIVE	NEGATIVE
in	NEGATIVE	NEGATIVE
admiring	NEGATIVE	POSITIVE
the	NEGATIVE	NEGATIVE
rapid	NEGATIVE	POSITIVE
deductions	NEGATIVE	NEGATIVE
,	NEGATIVE	NEGATIVE
as	NEGATIVE	NEGATIVE
swift	NEGATIVE	POSITIVE
as	NEGATIVE	NEGATIVE
intuitions	NEGATIVE	NEGATIVE
,	NEGATIVE	NEGATIVE
and	NEGATIVE	NEGATIVE
yet	NEGATIVE	NEGATIVE
always	NEGATIVE	NEGATIVE
founded	NEGATIVE	NEGATIVE
on	NEGATIVE	NEGATIVE
a	NEGATIVE	NEGATIVE
logical	NEGATIVE	NEGATIVE
basis	NEGATIVE	NEGATIVE
with	NEGATIVE	NEGATIVE
which	NEGATIVE	NEGATIVE
he	NEGATIVE	NEGATIVE
unravelled	NEGATIVE	POSITIVE
the	NEGATIVE	NEGATIVE
problems	NEGATIVE	NEGATIVE
which	NEGATIVE	NEGATIVE
were	NEGATIVE	NEGATIVE
submitted	NEGATIVE	NEGATIVE
to	NEGATIVE	NEGATIVE
him	NEGATIVE	NEGATIVE
.	NEGATIVE	NEGATIVE
i	NEGATIVE	NEGATIVE
have	NEGATIVE	NEGATIVE
no	NEGATIVE	POSITIVE
doubt	NEGATIVE	POSITIVE
i	NEGATIVE	NEGATIVE
can	NEGATIVE	NEGATIVE
get	NEGATIVE	POSITIVE
details	NEGATIVE	POSITIVE
from	NEGATIVE	NEGATIVE
forbes	NEGATIVE	NEGATIVE
.	NEGATIVE	NEGATIVE
it	NEGATIVE	NEGATIVE
was	NEGATIVE	NEGATIVE
all	NEGATIVE	NEGATIVE
done	NEGATIVE	NEGATIVE
in	NEGATIVE	NEGATIVE
an	NEGATIVE	NEGATIVE
instant	NEGATIVE	NEGATIVE
,	NEGATIVE	NEGATIVE
and	NEGATIVE	NEGATIVE
there	NEGATIVE	NEGATIVE
was	NEGATIVE	NEGATIVE
the	NEGATIVE	NEGATIVE
gentleman	NEGATIVE	POSITIVE
thanking	NEGATIVE	POSITIVE
me	NEGATIVE	NEGATIVE
on	NEGATIVE	NEGATIVE
the	NEGATIVE	NEGATIVE
one	NEGATIVE	NEGATIVE
side	NEGATIVE	NEGATIVE
and	NEGATIVE	NEGATIVE
the	NEGATIVE	NEGATIVE
lady	NEGATIVE	POSITIVE
on	NEGATIVE	NEGATIVE
the	NEGATIVE	NEGATIVE
other	NEGATIVE	NEGATIVE
,	NEGATIVE	NEGATIVE
while	NEGATIVE	NEGATIVE
the	NEGATIVE	NEGATIVE
clergyman	NEGATIVE	NEGATIVE
beamed	NEGATIVE	POSITIVE
on	NEGATIVE	NEGATIVE
me	NEGATIVE	NEGATIVE
in	NEGATIVE	NEGATIVE
front	NEGATIVE	NEGATIVE
.	NEGATIVE	NEGATIVE
i	NEGATIVE	NEGATIVE
understand	NEGATIVE	NEGATIVE
that	NEGATIVE	NEGATIVE
this	NEGATIVE	NEGATIVE
gentleman	NEGATIVE	POSITIVE
,	NEGATIVE	NEGATIVE
your	NEGATIVE	NEGATIVE
friend	NEGATIVE	POSITIVE
,	NEGATIVE	NEGATIVE
is	NEGATIVE	NEGATIVE
a	NEGATIVE	NEGATIVE
man	NEGATIVE	NEGATIVE
of	NEGATIVE	NEGATIVE
honour	NEGATIVE	POSITIVE
and	NEGATIVE	NEGATIVE
discretion	NEGATIVE	POSITIVE
,	NEGATIVE	NEGATIVE
whom	NEGATIVE	NEGATIVE
i	NEGATIVE	NEGATIVE
may	NEGATIVE	NEGATIVE
trust	NEGATIVE	NEGATIVE
with	NEGATIVE	NEGATIVE
a	NEGATIVE	NEGATIVE
matter	NEGATIVE	NEGATIVE
of	NEGATIVE	NEGATIVE
the	NEGATIVE	NEGATIVE
most	NEGATIVE	NEGATIVE
extreme	NEGATIVE	NEGATIVE
importance	NEGATIVE	POSITIVE
.	NEGATIVE	NEGATIVE
the	NEGATIVE	NEGATIVE
country	NEGATIVE	NEGATIVE
inspector	NEGATIVE	NEGATIVE
' s	NEGATIVE	NEGATIVE
face	NEGATIVE	NEGATIVE
had	NEGATIVE	NEGATIVE
shown	NEGATIVE	NEGATIVE
his	NEGATIVE	NEGATIVE
intense	NEGATIVE	NEGATIVE
amazement	NEGATIVE	POSITIVE
at	NEGATIVE	NEGATIVE
the	NEGATIVE	NEGATIVE
rapid	NEGATIVE	POSITIVE
and	NEGATIVE	NEGATIVE
masterful	NEGATIVE	POSITIVE
progress	NEGATIVE	POSITIVE
of	NEGATIVE	NEGATIVE
holmes	NEGATIVE	NEGATIVE
' s	NEGATIVE	NEGATIVE
investigation	NEGATIVE	NEGATIVE
.	NEGATIVE	NEGATIVE
it	NEGATIVE	NEGATIVE
is	NEGATIVE	NEGATIVE
possible	NEGATIVE	POSITIVE
even	NEGATIVE	NEGATIVE
that	NEGATIVE	NEGATIVE
you	NEGATIVE	NEGATIVE
may	NEGATIVE	NEGATIVE
have	NEGATIVE	NEGATIVE
heard	NEGATIVE	NEGATIVE
that	NEGATIVE	NEGATIVE
,	NEGATIVE	NEGATIVE
through	NEGATIVE	NEGATIVE
my	NEGATIVE	NEGATIVE
uncle	NEGATIVE	NEGATIVE
' s	NEGATIVE	NEGATIVE
influence	NEGATIVE	POSITIVE
,	NEGATIVE	NEGATIVE
i	NEGATIVE	NEGATIVE
obtained	NEGATIVE	POSITIVE
a	NEGATIVE	NEGATIVE
good	NEGATIVE	POSITIVE
appointment	NEGATIVE	NEGATIVE
at	NEGATIVE	NEGATIVE
the	NEGATIVE	NEGATIVE
foreign	NEGATIVE	NEGATIVE
office	NEGATIVE	NEGATIVE
,	NEGATIVE	NEGATIVE
and	NEGATIVE	NEGATIVE
that	NEGATIVE	NEGATIVE
i	NEGATIVE	NEGATIVE
was	NEGATIVE	NEGATIVE
in	NEGATIVE	NEGATIVE
a	NEGATIVE	NEGATIVE
situation	NEGATIVE	NEGATIVE
of	NEGATIVE	NEGATIVE
trust	NEGATIVE	POSITIVE
and	NEGATIVE	NEGATIVE
honour	NEGATIVE	POSITIVE
until	NEGATIVE	NEGATIVE
a	NEGATIVE	NEGATIVE
horrible	NEGATIVE	NEGATIVE
misfortune	NEGATIVE	NEGATIVE
came	NEGATIVE	NEGATIVE
suddenly	NEGATIVE	NEGATIVE
to	NEGATIVE	NEGATIVE
blast	NEGATIVE	NEGATIVE
my	NEGATIVE	NEGATIVE
career	NEGATIVE	NEGATIVE
.	NEGATIVE	NEGATIVE
i	NEGATIVE	NEGATIVE
am	NEGATIVE	NEGATIVE
pleased	NEGATIVE	POSITIVE
to	NEGATIVE	NEGATIVE
think	NEGATIVE	NEGATIVE
that	NEGATIVE	NEGATIVE
i	NEGATIVE	NEGATIVE
shall	NEGATIVE	NEGATIVE
be	NEGATIVE	NEGATIVE
able	NEGATIVE	NEGATIVE
to	NEGATIVE	NEGATIVE
free	NEGATIVE	POSITIVE
society	NEGATIVE	NEGATIVE
from	NEGATIVE	NEGATIVE
any	NEGATIVE	NEGATIVE
further	NEGATIVE	NEGATIVE
effects	NEGATIVE	NEGATIVE
of	NEGATIVE	NEGATIVE
his	NEGATIVE	NEGATIVE
presence	NEGATIVE	NEGATIVE
,	NEGATIVE	NEGATIVE
though	NEGATIVE	NEGATIVE
i	NEGATIVE	NEGATIVE
fear	NEGATIVE	NEGATIVE
that	NEGATIVE	NEGATIVE
it	NEGATIVE	NEGATIVE
is	NEGATIVE	NEGATIVE
at	NEGATIVE	NEGATIVE
a	NEGATIVE	NEGATIVE
cost	NEGATIVE	NEGATIVE
which	NEGATIVE	NEGATIVE
will	NEGATIVE	NEGATIVE
give	NEGATIVE	NEGATIVE
pain	NEGATIVE	NEGATIVE
to	NEGATIVE	NEGATIVE
my	NEGATIVE	NEGATIVE
friends	NEGATIVE	POSITIVE
,	NEGATIVE	NEGATIVE
and	NEGATIVE	NEGATIVE
especially	NEGATIVE	NEGATIVE
,	NEGATIVE	NEGATIVE
my	NEGATIVE	NEGATIVE
dear	NEGATIVE	POSITIVE
watson	NEGATIVE	NEGATIVE
,	NEGATIVE	NEGATIVE
to	NEGATIVE	NEGATIVE
you	NEGATIVE	NEGATIVE
.	NEGATIVE	NEGATIVE
""""	NEGATIVE	NEGATIVE
then	NEGATIVE	NEGATIVE
i	NEGATIVE	NEGATIVE
will	NEGATIVE	NEGATIVE
help	NEGATIVE	POSITIVE
you	NEGATIVE	NEGATIVE
with	NEGATIVE	POSITIVE
all	NEGATIVE	POSITIVE
my	NEGATIVE	POSITIVE
heart	NEGATIVE	POSITIVE
.	NEGATIVE	NEGATIVE
my	NEGATIVE	NEGATIVE
stepfather	NEGATIVE	NEGATIVE
learned	NEGATIVE	POSITIVE
of	NEGATIVE	NEGATIVE
the	NEGATIVE	NEGATIVE
engagement	NEGATIVE	POSITIVE
when	NEGATIVE	NEGATIVE
my	NEGATIVE	NEGATIVE
sister	NEGATIVE	NEGATIVE
returned	NEGATIVE	NEGATIVE
and	NEGATIVE	NEGATIVE
offered	NEGATIVE	POSITIVE
no	NEGATIVE	NEGATIVE
objection	NEGATIVE	NEGATIVE
to	NEGATIVE	NEGATIVE
the	NEGATIVE	NEGATIVE
marriage	NEGATIVE	POSITIVE
;	NEGATIVE	NEGATIVE
but	NEGATIVE	NEGATIVE
within	NEGATIVE	NEGATIVE
a	NEGATIVE	NEGATIVE
fortnight	NEGATIVE	NEGATIVE
of	NEGATIVE	NEGATIVE
the	NEGATIVE	NEGATIVE
day	NEGATIVE	NEGATIVE
which	NEGATIVE	NEGATIVE
had	NEGATIVE	NEGATIVE
been	NEGATIVE	NEGATIVE
fixed	NEGATIVE	NEGATIVE
for	NEGATIVE	NEGATIVE
the	NEGATIVE	NEGATIVE
wedding	NEGATIVE	POSITIVE
,	NEGATIVE	NEGATIVE
the	NEGATIVE	NEGATIVE
terrible	NEGATIVE	NEGATIVE
event	NEGATIVE	NEGATIVE
occurred	NEGATIVE	NEGATIVE
which	NEGATIVE	NEGATIVE
has	NEGATIVE	NEGATIVE
deprived	NEGATIVE	NEGATIVE
me	NEGATIVE	NEGATIVE
of	NEGATIVE	NEGATIVE
my	NEGATIVE	NEGATIVE
only	NEGATIVE	NEGATIVE
companion	NEGATIVE	NEGATIVE
.	NEGATIVE	NEGATIVE
""""	NEGATIVE	NEGATIVE
sherlock	NEGATIVE	NEGATIVE
holmes	NEGATIVE	NEGATIVE
preserved	NEGATIVE	NEGATIVE
his	NEGATIVE	NEGATIVE
calm	NEGATIVE	POSITIVE
professional	NEGATIVE	POSITIVE
manner	NEGATIVE	NEGATIVE
until	NEGATIVE	NEGATIVE
our	NEGATIVE	NEGATIVE
visitor	NEGATIVE	NEGATIVE
had	NEGATIVE	NEGATIVE
left	NEGATIVE	NEGATIVE
us	NEGATIVE	NEGATIVE
,	NEGATIVE	NEGATIVE
although	NEGATIVE	NEGATIVE
it	NEGATIVE	NEGATIVE
was	NEGATIVE	NEGATIVE
easy	NEGATIVE	POSITIVE
for	NEGATIVE	NEGATIVE
me	NEGATIVE	NEGATIVE
,	NEGATIVE	NEGATIVE
who	NEGATIVE	NEGATIVE
knew	NEGATIVE	NEGATIVE
him	NEGATIVE	NEGATIVE
so	NEGATIVE	NEGATIVE
well	NEGATIVE	POSITIVE
,	NEGATIVE	NEGATIVE
to	NEGATIVE	NEGATIVE
see	NEGATIVE	NEGATIVE
that	NEGATIVE	NEGATIVE
he	NEGATIVE	NEGATIVE
was	NEGATIVE	NEGATIVE
profoundly	NEGATIVE	POSITIVE
excited	NEGATIVE	POSITIVE
.	NEGATIVE	NEGATIVE
my	NEGATIVE	NEGATIVE
own	NEGATIVE	NEGATIVE
complete	NEGATIVE	POSITIVE
happiness	NEGATIVE	POSITIVE
,	NEGATIVE	NEGATIVE
and	NEGATIVE	NEGATIVE
the	NEGATIVE	NEGATIVE
home -	NEGATIVE	NEGATIVE
centred	NEGATIVE	NEGATIVE
interests	NEGATIVE	NEGATIVE
which	NEGATIVE	NEGATIVE
rise	NEGATIVE	NEGATIVE
up	NEGATIVE	NEGATIVE
around	NEGATIVE	NEGATIVE
the	NEGATIVE	NEGATIVE
man	NEGATIVE	NEGATIVE
who	NEGATIVE	NEGATIVE
first	NEGATIVE	NEGATIVE
finds	NEGATIVE	NEGATIVE
himself	NEGATIVE	NEGATIVE
master	NEGATIVE	NEGATIVE
of	NEGATIVE	NEGATIVE
his	NEGATIVE	NEGATIVE
own	NEGATIVE	NEGATIVE
establishment	NEGATIVE	NEGATIVE
,	NEGATIVE	NEGATIVE
were	NEGATIVE	NEGATIVE
sufficient	NEGATIVE	NEGATIVE
to	NEGATIVE	NEGATIVE
absorb	NEGATIVE	NEGATIVE
all	NEGATIVE	NEGATIVE
my	NEGATIVE	NEGATIVE
attention	NEGATIVE	NEGATIVE
;	NEGATIVE	NEGATIVE
while	NEGATIVE	NEGATIVE
holmes	NEGATIVE	NEGATIVE
,	NEGATIVE	NEGATIVE
who	NEGATIVE	NEGATIVE
loathed	NEGATIVE	NEGATIVE
every	NEGATIVE	NEGATIVE
form	NEGATIVE	NEGATIVE
of	NEGATIVE	NEGATIVE
society	NEGATIVE	NEGATIVE
with	NEGATIVE	NEGATIVE
his	NEGATIVE	NEGATIVE
whole	NEGATIVE	NEGATIVE
bohemian	NEGATIVE	NEGATIVE
soul	NEGATIVE	NEGATIVE
,	NEGATIVE	NEGATIVE
remained	NEGATIVE	NEGATIVE
in	NEGATIVE	NEGATIVE
our	NEGATIVE	NEGATIVE
lodgings	NEGATIVE	NEGATIVE
in	NEGATIVE	NEGATIVE
baker	NEGATIVE	NEGATIVE
street	NEGATIVE	NEGATIVE
,	NEGATIVE	NEGATIVE
buried	NEGATIVE	NEGATIVE
among	NEGATIVE	NEGATIVE
his	NEGATIVE	NEGATIVE
old	NEGATIVE	NEGATIVE
books	NEGATIVE	NEGATIVE
,	NEGATIVE	NEGATIVE
and	NEGATIVE	NEGATIVE
alternating	NEGATIVE	NEGATIVE
from	NEGATIVE	NEGATIVE
week	NEGATIVE	NEGATIVE
to	NEGATIVE	NEGATIVE
week	NEGATIVE	NEGATIVE
between	NEGATIVE	NEGATIVE
cocaine	NEGATIVE	NEGATIVE
and	NEGATIVE	NEGATIVE
ambition	NEGATIVE	POSITIVE
,	NEGATIVE	NEGATIVE
the	NEGATIVE	NEGATIVE
drowsiness	NEGATIVE	NEGATIVE
of	NEGATIVE	NEGATIVE
the	NEGATIVE	NEGATIVE
drug	NEGATIVE	NEGATIVE
,	NEGATIVE	NEGATIVE
and	NEGATIVE	NEGATIVE
the	NEGATIVE	NEGATIVE
fierce	NEGATIVE	NEGATIVE
energy	NEGATIVE	POSITIVE
of	NEGATIVE	NEGATIVE
his	NEGATIVE	NEGATIVE
own	NEGATIVE	NEGATIVE
keen	NEGATIVE	NEGATIVE
nature	NEGATIVE	NEGATIVE
.	NEGATIVE	NEGATIVE
the	NEGATIVE	NEGATIVE
idea	NEGATIVE	POSITIVE
of	NEGATIVE	NEGATIVE
a	NEGATIVE	NEGATIVE
snake	NEGATIVE	NEGATIVE
instantly	NEGATIVE	NEGATIVE
occurred	NEGATIVE	POSITIVE
to	NEGATIVE	NEGATIVE
me	NEGATIVE	NEGATIVE
,	NEGATIVE	NEGATIVE
and	NEGATIVE	NEGATIVE
when	NEGATIVE	NEGATIVE
i	NEGATIVE	NEGATIVE
coupled	NEGATIVE	NEGATIVE
it	NEGATIVE	NEGATIVE
with	NEGATIVE	NEGATIVE
my	NEGATIVE	NEGATIVE
knowledge	NEGATIVE	POSITIVE
that	NEGATIVE	NEGATIVE
the	NEGATIVE	NEGATIVE
doctor	NEGATIVE	NEGATIVE
was	NEGATIVE	NEGATIVE
furnished	NEGATIVE	POSITIVE
with	NEGATIVE	NEGATIVE
a	NEGATIVE	NEGATIVE
supply	NEGATIVE	NEGATIVE
of	NEGATIVE	NEGATIVE
creatures	NEGATIVE	NEGATIVE
from	NEGATIVE	NEGATIVE
india	NEGATIVE	NEGATIVE
,	NEGATIVE	NEGATIVE
i	NEGATIVE	NEGATIVE
felt	NEGATIVE	NEGATIVE
that	NEGATIVE	NEGATIVE
i	NEGATIVE	NEGATIVE
was	NEGATIVE	NEGATIVE
probably	NEGATIVE	NEGATIVE
on	NEGATIVE	NEGATIVE
the	NEGATIVE	NEGATIVE
right	NEGATIVE	POSITIVE
track	NEGATIVE	NEGATIVE
.	NEGATIVE	NEGATIVE
the	NEGATIVE	NEGATIVE
good	NEGATIVE	POSITIVE
steiler	NEGATIVE	NEGATIVE
assured	NEGATIVE	POSITIVE
me	NEGATIVE	NEGATIVE
in	NEGATIVE	NEGATIVE
a	NEGATIVE	NEGATIVE
postscript	NEGATIVE	NEGATIVE
that	NEGATIVE	NEGATIVE
he	NEGATIVE	NEGATIVE
would	NEGATIVE	NEGATIVE
himself	NEGATIVE	NEGATIVE
look	NEGATIVE	NEGATIVE
upon	NEGATIVE	NEGATIVE
my	NEGATIVE	NEGATIVE
compliance	NEGATIVE	POSITIVE
as	NEGATIVE	NEGATIVE
a	NEGATIVE	NEGATIVE
very	NEGATIVE	NEGATIVE
great	NEGATIVE	POSITIVE
favour	NEGATIVE	POSITIVE
,	NEGATIVE	NEGATIVE
since	NEGATIVE	NEGATIVE
the	NEGATIVE	NEGATIVE
lady	NEGATIVE	POSITIVE
absolutely	NEGATIVE	NEGATIVE
refused	NEGATIVE	NEGATIVE
to	NEGATIVE	NEGATIVE
see	NEGATIVE	NEGATIVE
a	NEGATIVE	NEGATIVE
swiss	NEGATIVE	NEGATIVE
physician	NEGATIVE	NEGATIVE
,	NEGATIVE	NEGATIVE
and	NEGATIVE	NEGATIVE
he	NEGATIVE	NEGATIVE
could	NEGATIVE	NEGATIVE
not	NEGATIVE	NEGATIVE
but	NEGATIVE	NEGATIVE
feel	NEGATIVE	NEGATIVE
that	NEGATIVE	NEGATIVE
he	NEGATIVE	NEGATIVE
was	NEGATIVE	NEGATIVE
incurring	NEGATIVE	NEGATIVE
a	NEGATIVE	NEGATIVE
great	NEGATIVE	NEGATIVE
responsibility	NEGATIVE	NEGATIVE
.	NEGATIVE	NEGATIVE
in	NEGATIVE	NEGATIVE
the	NEGATIVE	NEGATIVE
meantime	NEGATIVE	NEGATIVE
we	NEGATIVE	NEGATIVE
shall	NEGATIVE	NEGATIVE
treat	NEGATIVE	POSITIVE
ourselves	NEGATIVE	NEGATIVE
to	NEGATIVE	NEGATIVE
a	NEGATIVE	NEGATIVE
couple	NEGATIVE	NEGATIVE
of	NEGATIVE	NEGATIVE
carpet	NEGATIVE	NEGATIVE
bags	NEGATIVE	NEGATIVE
,	NEGATIVE	NEGATIVE
encourage	NEGATIVE	POSITIVE
the	NEGATIVE	NEGATIVE
manufactures	NEGATIVE	NEGATIVE
of	NEGATIVE	NEGATIVE
the	NEGATIVE	NEGATIVE
countries	NEGATIVE	NEGATIVE
through	NEGATIVE	NEGATIVE
which	NEGATIVE	NEGATIVE
we	NEGATIVE	NEGATIVE
travel	NEGATIVE	NEGATIVE
,	NEGATIVE	NEGATIVE
and	NEGATIVE	NEGATIVE
make	NEGATIVE	NEGATIVE
our	NEGATIVE	NEGATIVE
way	NEGATIVE	NEGATIVE
at	NEGATIVE	POSITIVE
our	NEGATIVE	NEGATIVE
leisure	NEGATIVE	POSITIVE
into	NEGATIVE	NEGATIVE
switzerland	NEGATIVE	NEGATIVE
,	NEGATIVE	NEGATIVE
via	NEGATIVE	NEGATIVE
luxembourg	NEGATIVE	NEGATIVE
and	NEGATIVE	NEGATIVE
basle	NEGATIVE	NEGATIVE
.	NEGATIVE	NEGATIVE
'	NEGATIVE	NEGATIVE
it	NEGATIVE	NEGATIVE
was	NEGATIVE	NEGATIVE
a	NEGATIVE	NEGATIVE
perfect	NEGATIVE	POSITIVE
day	NEGATIVE	NEGATIVE
,	NEGATIVE	NEGATIVE
with	NEGATIVE	NEGATIVE
a	NEGATIVE	NEGATIVE
bright	NEGATIVE	POSITIVE
sun	NEGATIVE	NEGATIVE
and	NEGATIVE	NEGATIVE
a	NEGATIVE	NEGATIVE
few	NEGATIVE	NEGATIVE
fleecy	NEGATIVE	POSITIVE
clouds	NEGATIVE	NEGATIVE
in	NEGATIVE	NEGATIVE
the	NEGATIVE	NEGATIVE
heavens	NEGATIVE	POSITIVE
.	NEGATIVE	NEGATIVE
you	NEGATIVE	NEGATIVE
' ll	NEGATIVE	NEGATIVE
think	NEGATIVE	NEGATIVE
it	NEGATIVE	NEGATIVE
very	NEGATIVE	NEGATIVE
mad	NEGATIVE	NEGATIVE
,	NEGATIVE	NEGATIVE
mr.	NEGATIVE	NEGATIVE
holmes	NEGATIVE	NEGATIVE
,	NEGATIVE	NEGATIVE
that	NEGATIVE	NEGATIVE
a	NEGATIVE	NEGATIVE
man	NEGATIVE	NEGATIVE
of	NEGATIVE	NEGATIVE
a	NEGATIVE	NEGATIVE
good	NEGATIVE	POSITIVE
old	NEGATIVE	NEGATIVE
family	NEGATIVE	NEGATIVE
should	NEGATIVE	NEGATIVE
marry	NEGATIVE	POSITIVE
a	NEGATIVE	NEGATIVE
wife	NEGATIVE	NEGATIVE
in	NEGATIVE	NEGATIVE
this	NEGATIVE	NEGATIVE
fashion	NEGATIVE	NEGATIVE
,	NEGATIVE	NEGATIVE
knowing	NEGATIVE	NEGATIVE
nothing	NEGATIVE	NEGATIVE
of	NEGATIVE	NEGATIVE
her	NEGATIVE	NEGATIVE
past	NEGATIVE	NEGATIVE
or	NEGATIVE	NEGATIVE
of	NEGATIVE	NEGATIVE
her	NEGATIVE	NEGATIVE
people	NEGATIVE	NEGATIVE
,	NEGATIVE	NEGATIVE
but	NEGATIVE	NEGATIVE
if	NEGATIVE	NEGATIVE
you	NEGATIVE	NEGATIVE
saw	NEGATIVE	NEGATIVE
her	NEGATIVE	NEGATIVE
and	NEGATIVE	NEGATIVE
knew	NEGATIVE	NEGATIVE
her	NEGATIVE	NEGATIVE
,	NEGATIVE	NEGATIVE
it	NEGATIVE	NEGATIVE
would	NEGATIVE	NEGATIVE
help	NEGATIVE	POSITIVE
you	NEGATIVE	NEGATIVE
to	NEGATIVE	NEGATIVE
understand	NEGATIVE	POSITIVE
.	NEGATIVE	NEGATIVE
she	NEGATIVE	NEGATIVE
was	NEGATIVE	NEGATIVE
a	NEGATIVE	NEGATIVE
striking -	NEGATIVE	POSITIVE
looking	NEGATIVE	NEGATIVE
woman	NEGATIVE	NEGATIVE
,	NEGATIVE	NEGATIVE
a	NEGATIVE	NEGATIVE
little	NEGATIVE	NEGATIVE
short	NEGATIVE	NEGATIVE
and	NEGATIVE	NEGATIVE
thick	NEGATIVE	NEGATIVE
for	NEGATIVE	NEGATIVE
symmetry	NEGATIVE	NEGATIVE
,	NEGATIVE	NEGATIVE
but	NEGATIVE	NEGATIVE
with	NEGATIVE	NEGATIVE
a	NEGATIVE	NEGATIVE
beautiful	NEGATIVE	POSITIVE
olive	NEGATIVE	NEGATIVE
complexion	NEGATIVE	NEGATIVE
,	NEGATIVE	NEGATIVE
large	NEGATIVE	NEGATIVE
,	NEGATIVE	NEGATIVE
dark	NEGATIVE	NEGATIVE
italian	NEGATIVE	NEGATIVE
eyes	NEGATIVE	NEGATIVE
,	NEGATIVE	NEGATIVE
and	NEGATIVE	NEGATIVE
a	NEGATIVE	NEGATIVE
wealth	NEGATIVE	POSITIVE
of	NEGATIVE	NEGATIVE
deep	NEGATIVE	POSITIVE
black	NEGATIVE	NEGATIVE
hair	NEGATIVE	NEGATIVE
.	NEGATIVE	NEGATIVE
indeed	NEGATIVE	NEGATIVE
,	NEGATIVE	NEGATIVE
apart	NEGATIVE	NEGATIVE
from	NEGATIVE	NEGATIVE
the	NEGATIVE	NEGATIVE
nature	NEGATIVE	NEGATIVE
of	NEGATIVE	NEGATIVE
the	NEGATIVE	NEGATIVE
investigation	NEGATIVE	NEGATIVE
which	NEGATIVE	NEGATIVE
my	NEGATIVE	NEGATIVE
friend	NEGATIVE	POSITIVE
had	NEGATIVE	NEGATIVE
on	NEGATIVE	NEGATIVE
hand	NEGATIVE	NEGATIVE
,	NEGATIVE	NEGATIVE
there	NEGATIVE	NEGATIVE
was	NEGATIVE	NEGATIVE
something	NEGATIVE	NEGATIVE
in	NEGATIVE	NEGATIVE
his	NEGATIVE	NEGATIVE
masterly	NEGATIVE	POSITIVE
grasp	NEGATIVE	NEGATIVE
of	NEGATIVE	NEGATIVE
a	NEGATIVE	NEGATIVE
situation	NEGATIVE	NEGATIVE
,	NEGATIVE	NEGATIVE
and	NEGATIVE	NEGATIVE
his	NEGATIVE	NEGATIVE
keen	NEGATIVE	POSITIVE
,	NEGATIVE	NEGATIVE
incisive	NEGATIVE	POSITIVE
reasoning	NEGATIVE	NEGATIVE
,	NEGATIVE	NEGATIVE
which	NEGATIVE	NEGATIVE
made	NEGATIVE	NEGATIVE
it	NEGATIVE	NEGATIVE
a	NEGATIVE	NEGATIVE
pleasure	NEGATIVE	POSITIVE
to	NEGATIVE	NEGATIVE
me	NEGATIVE	NEGATIVE
to	NEGATIVE	NEGATIVE
study	NEGATIVE	NEGATIVE
his	NEGATIVE	NEGATIVE
system	NEGATIVE	NEGATIVE
of	NEGATIVE	NEGATIVE
work	NEGATIVE	NEGATIVE
,	NEGATIVE	NEGATIVE
and	NEGATIVE	NEGATIVE
to	NEGATIVE	NEGATIVE
follow	NEGATIVE	NEGATIVE
the	NEGATIVE	NEGATIVE
quick	NEGATIVE	NEGATIVE
,	NEGATIVE	NEGATIVE
subtle	NEGATIVE	NEGATIVE
methods	NEGATIVE	NEGATIVE
by	NEGATIVE	NEGATIVE
which	NEGATIVE	NEGATIVE
he	NEGATIVE	NEGATIVE
disentangled	NEGATIVE	POSITIVE
the	NEGATIVE	NEGATIVE
most	NEGATIVE	NEGATIVE
inextricable	NEGATIVE	NEGATIVE
mysteries	NEGATIVE	NEGATIVE
.	NEGATIVE	NEGATIVE
of	NEGATIVE	NEGATIVE
their	NEGATIVE	NEGATIVE
terrible	NEGATIVE	NEGATIVE
chief	NEGATIVE	NEGATIVE
few	NEGATIVE	NEGATIVE
details	NEGATIVE	NEGATIVE
came	NEGATIVE	NEGATIVE
out	NEGATIVE	NEGATIVE
during	NEGATIVE	NEGATIVE
the	NEGATIVE	NEGATIVE
proceedings	NEGATIVE	NEGATIVE
,	NEGATIVE	NEGATIVE
and	NEGATIVE	NEGATIVE
if	NEGATIVE	NEGATIVE
i	NEGATIVE	NEGATIVE
have	NEGATIVE	NEGATIVE
now	NEGATIVE	NEGATIVE
been	NEGATIVE	NEGATIVE
compelled	NEGATIVE	NEGATIVE
to	NEGATIVE	NEGATIVE
make	NEGATIVE	NEGATIVE
a	NEGATIVE	NEGATIVE
clear	NEGATIVE	NEGATIVE
statement	NEGATIVE	NEGATIVE
of	NEGATIVE	NEGATIVE
his	NEGATIVE	NEGATIVE
career	NEGATIVE	NEGATIVE
,	NEGATIVE	NEGATIVE
it	NEGATIVE	NEGATIVE
is	NEGATIVE	NEGATIVE
due	NEGATIVE	NEGATIVE
to	NEGATIVE	NEGATIVE
those	NEGATIVE	NEGATIVE
injudicious	NEGATIVE	NEGATIVE
champions	NEGATIVE	POSITIVE
who	NEGATIVE	NEGATIVE
have	NEGATIVE	NEGATIVE
endeavoured	NEGATIVE	POSITIVE
to	NEGATIVE	NEGATIVE
clear	NEGATIVE	NEGATIVE
his	NEGATIVE	NEGATIVE
memory	NEGATIVE	NEGATIVE
by	NEGATIVE	NEGATIVE
attacks	NEGATIVE	NEGATIVE
upon	NEGATIVE	NEGATIVE
him	NEGATIVE	NEGATIVE
whom	NEGATIVE	NEGATIVE
i	NEGATIVE	NEGATIVE
shall	NEGATIVE	NEGATIVE
ever	NEGATIVE	NEGATIVE
regard	NEGATIVE	NEGATIVE
as	NEGATIVE	NEGATIVE
the	NEGATIVE	NEGATIVE
best	NEGATIVE	POSITIVE
and	NEGATIVE	NEGATIVE
the	NEGATIVE	NEGATIVE
wisest	NEGATIVE	POSITIVE
man	NEGATIVE	NEGATIVE
whom	NEGATIVE	NEGATIVE
i	NEGATIVE	NEGATIVE
have	NEGATIVE	NEGATIVE
ever	NEGATIVE	NEGATIVE
known	NEGATIVE	NEGATIVE
.	NEGATIVE	NEGATIVE
now	NEGATIVE	NEGATIVE
that	NEGATIVE	NEGATIVE
i	NEGATIVE	NEGATIVE
have	NEGATIVE	NEGATIVE
got	NEGATIVE	NEGATIVE
so	NEGATIVE	NEGATIVE
far	NEGATIVE	NEGATIVE
,	NEGATIVE	NEGATIVE
i	NEGATIVE	NEGATIVE
had	NEGATIVE	POSITIVE
best	NEGATIVE	POSITIVE
proceed	NEGATIVE	NEGATIVE
on	NEGATIVE	NEGATIVE
my	NEGATIVE	NEGATIVE
own	NEGATIVE	NEGATIVE
lines	NEGATIVE	NEGATIVE
,	NEGATIVE	NEGATIVE
and	NEGATIVE	NEGATIVE
then	NEGATIVE	NEGATIVE
clear	NEGATIVE	POSITIVE
the	NEGATIVE	NEGATIVE
whole	NEGATIVE	NEGATIVE
matter	NEGATIVE	NEGATIVE
up	NEGATIVE	POSITIVE
once	NEGATIVE	NEGATIVE
and	NEGATIVE	NEGATIVE
for	NEGATIVE	NEGATIVE
all	NEGATIVE	NEGATIVE
.	NEGATIVE	NEGATIVE
""""	NEGATIVE	NEGATIVE
it	NEGATIVE	NEGATIVE
is	NEGATIVE	NEGATIVE
perhaps	NEGATIVE	NEGATIVE
as	NEGATIVE	NEGATIVE
well	NEGATIVE	POSITIVE
that	NEGATIVE	NEGATIVE
the	NEGATIVE	NEGATIVE
facts	NEGATIVE	NEGATIVE
should	NEGATIVE	NEGATIVE
now	NEGATIVE	NEGATIVE
come	NEGATIVE	POSITIVE
to	NEGATIVE	POSITIVE
light	NEGATIVE	POSITIVE
,	NEGATIVE	NEGATIVE
for	NEGATIVE	NEGATIVE
i	NEGATIVE	NEGATIVE
have	NEGATIVE	NEGATIVE
reasons	NEGATIVE	NEGATIVE
to	NEGATIVE	NEGATIVE
know	NEGATIVE	NEGATIVE
that	NEGATIVE	NEGATIVE
there	NEGATIVE	NEGATIVE
are	NEGATIVE	NEGATIVE
widespread	NEGATIVE	NEGATIVE
rumours	NEGATIVE	NEGATIVE
as	NEGATIVE	NEGATIVE
to	NEGATIVE	NEGATIVE
the	NEGATIVE	NEGATIVE
death	NEGATIVE	NEGATIVE
of	NEGATIVE	NEGATIVE
dr.	NEGATIVE	NEGATIVE
grimesby	NEGATIVE	NEGATIVE
roylott	NEGATIVE	NEGATIVE
which	NEGATIVE	NEGATIVE
tend	NEGATIVE	NEGATIVE
to	NEGATIVE	NEGATIVE
make	NEGATIVE	NEGATIVE
the	NEGATIVE	NEGATIVE
matter	NEGATIVE	NEGATIVE
even	NEGATIVE	NEGATIVE
more	NEGATIVE	NEGATIVE
terrible	NEGATIVE	NEGATIVE
than	NEGATIVE	NEGATIVE
the	NEGATIVE	NEGATIVE
truth	NEGATIVE	POSITIVE
.	NEGATIVE	NEGATIVE
pray	NEGATIVE	POSITIVE
give	NEGATIVE	POSITIVE
my	NEGATIVE	NEGATIVE
greetings	NEGATIVE	POSITIVE
to	NEGATIVE	NEGATIVE
mrs	NEGATIVE	NEGATIVE
watson	NEGATIVE	NEGATIVE
,	NEGATIVE	NEGATIVE
and	NEGATIVE	NEGATIVE
believe	NEGATIVE	NEGATIVE
me	NEGATIVE	NEGATIVE
to	NEGATIVE	NEGATIVE
be	NEGATIVE	NEGATIVE
,	NEGATIVE	NEGATIVE
my	NEGATIVE	NEGATIVE
dear	NEGATIVE	POSITIVE
fellow	NEGATIVE	POSITIVE
,	NEGATIVE	NEGATIVE
she	NEGATIVE	NEGATIVE
made	NEGATIVE	POSITIVE
no	NEGATIVE	NEGATIVE
allusion	NEGATIVE	NEGATIVE
to	NEGATIVE	NEGATIVE
it	NEGATIVE	NEGATIVE
afterwards	NEGATIVE	NEGATIVE
,	NEGATIVE	NEGATIVE
and	NEGATIVE	NEGATIVE
i	NEGATIVE	NEGATIVE
made	NEGATIVE	NEGATIVE
none	NEGATIVE	NEGATIVE
,	NEGATIVE	NEGATIVE
for	NEGATIVE	NEGATIVE
a	NEGATIVE	NEGATIVE
promise	NEGATIVE	POSITIVE
is	NEGATIVE	NEGATIVE
a	NEGATIVE	NEGATIVE
promise	NEGATIVE	POSITIVE
,	NEGATIVE	NEGATIVE
but	NEGATIVE	NEGATIVE
she	NEGATIVE	NEGATIVE
has	NEGATIVE	NEGATIVE
never	NEGATIVE	NEGATIVE
known	NEGATIVE	NEGATIVE
an	NEGATIVE	NEGATIVE
easy	NEGATIVE	POSITIVE
hour	NEGATIVE	NEGATIVE
from	NEGATIVE	NEGATIVE
that	NEGATIVE	NEGATIVE
moment	NEGATIVE	NEGATIVE
.	NEGATIVE	NEGATIVE
'	NEGATIVE	NEGATIVE
and	NEGATIVE	NEGATIVE
now	NEGATIVE	NEGATIVE
,	NEGATIVE	NEGATIVE
lord	NEGATIVE	NEGATIVE
holdhurst	NEGATIVE	NEGATIVE
,	NEGATIVE	NEGATIVE
we	NEGATIVE	NEGATIVE
have	NEGATIVE	NEGATIVE
already	NEGATIVE	NEGATIVE
taken	NEGATIVE	NEGATIVE
up	NEGATIVE	NEGATIVE
too	NEGATIVE	NEGATIVE
much	NEGATIVE	NEGATIVE
of	NEGATIVE	NEGATIVE
your	NEGATIVE	NEGATIVE
valuable	NEGATIVE	POSITIVE
time	NEGATIVE	NEGATIVE
,	NEGATIVE	NEGATIVE
and	NEGATIVE	NEGATIVE
we	NEGATIVE	NEGATIVE
shall	NEGATIVE	NEGATIVE
wish	NEGATIVE	POSITIVE
you	NEGATIVE	NEGATIVE
good	NEGATIVE	POSITIVE
day	NEGATIVE	POSITIVE
.	NEGATIVE	NEGATIVE
'	NEGATIVE	NEGATIVE
'	NEGATIVE	NEGATIVE
with	NEGATIVE	NEGATIVE
all	NEGATIVE	NEGATIVE
our	NEGATIVE	NEGATIVE
precautions	NEGATIVE	POSITIVE
,	NEGATIVE	NEGATIVE
you	NEGATIVE	NEGATIVE
see	NEGATIVE	NEGATIVE
that	NEGATIVE	NEGATIVE
we	NEGATIVE	NEGATIVE
have	NEGATIVE	NEGATIVE
cut	NEGATIVE	POSITIVE
it	NEGATIVE	POSITIVE
rather	NEGATIVE	NEGATIVE
fine	NEGATIVE	POSITIVE
,	NEGATIVE	NEGATIVE
'	NEGATIVE	NEGATIVE
said	NEGATIVE	NEGATIVE
holmes	NEGATIVE	NEGATIVE
,	NEGATIVE	NEGATIVE
laughing	NEGATIVE	POSITIVE
.	NEGATIVE	NEGATIVE
then	NEGATIVE	NEGATIVE
my	NEGATIVE	NEGATIVE
temper	NEGATIVE	NEGATIVE
got	NEGATIVE	POSITIVE
the	NEGATIVE	POSITIVE
better	NEGATIVE	POSITIVE
of	NEGATIVE	POSITIVE
me	NEGATIVE	NEGATIVE
,	NEGATIVE	NEGATIVE
and	NEGATIVE	NEGATIVE
i	NEGATIVE	NEGATIVE
began	NEGATIVE	NEGATIVE
to	NEGATIVE	NEGATIVE
threaten	NEGATIVE	NEGATIVE
her	NEGATIVE	NEGATIVE
.	NEGATIVE	NEGATIVE
she	NEGATIVE	NEGATIVE
had	NEGATIVE	NEGATIVE
a	NEGATIVE	NEGATIVE
considerable	NEGATIVE	POSITIVE
sum	NEGATIVE	NEGATIVE
of	NEGATIVE	NEGATIVE
money	NEGATIVE	NEGATIVE
- -	NEGATIVE	NEGATIVE
not	NEGATIVE	NEGATIVE
less	NEGATIVE	NEGATIVE
than	NEGATIVE	NEGATIVE
1000	NEGATIVE	NEGATIVE
pounds	NEGATIVE	NEGATIVE
a	NEGATIVE	NEGATIVE
year	NEGATIVE	NEGATIVE
- -	NEGATIVE	NEGATIVE
and	NEGATIVE	NEGATIVE
this	NEGATIVE	NEGATIVE
she	NEGATIVE	NEGATIVE
bequeathed	NEGATIVE	POSITIVE
to	NEGATIVE	NEGATIVE
dr.	NEGATIVE	NEGATIVE
roylott	NEGATIVE	NEGATIVE
entirely	NEGATIVE	NEGATIVE
while	NEGATIVE	NEGATIVE
we	NEGATIVE	NEGATIVE
resided	NEGATIVE	NEGATIVE
with	NEGATIVE	NEGATIVE
him	NEGATIVE	NEGATIVE
,	NEGATIVE	NEGATIVE
with	NEGATIVE	NEGATIVE
a	NEGATIVE	NEGATIVE
provision	NEGATIVE	POSITIVE
that	NEGATIVE	NEGATIVE
a	NEGATIVE	NEGATIVE
certain	NEGATIVE	NEGATIVE
annual	NEGATIVE	NEGATIVE
sum	NEGATIVE	NEGATIVE
should	NEGATIVE	NEGATIVE
be	NEGATIVE	NEGATIVE
allowed	NEGATIVE	POSITIVE
to	NEGATIVE	NEGATIVE
each	NEGATIVE	NEGATIVE
of	NEGATIVE	NEGATIVE
us	NEGATIVE	NEGATIVE
in	NEGATIVE	NEGATIVE
the	NEGATIVE	NEGATIVE
event	NEGATIVE	NEGATIVE
of	NEGATIVE	NEGATIVE
our	NEGATIVE	NEGATIVE
marriage	NEGATIVE	POSITIVE
.	NEGATIVE	NEGATIVE
i	NEGATIVE	NEGATIVE
knocked	NEGATIVE	NEGATIVE
him	NEGATIVE	NEGATIVE
down	NEGATIVE	NEGATIVE
,	NEGATIVE	NEGATIVE
and	NEGATIVE	NEGATIVE
the	NEGATIVE	NEGATIVE
police	NEGATIVE	NEGATIVE
have	NEGATIVE	NEGATIVE
him	NEGATIVE	NEGATIVE
in	NEGATIVE	NEGATIVE
custody	NEGATIVE	NEGATIVE
;	NEGATIVE	NEGATIVE
but	NEGATIVE	NEGATIVE
i	NEGATIVE	NEGATIVE
can	NEGATIVE	NEGATIVE
tell	NEGATIVE	NEGATIVE
you	NEGATIVE	NEGATIVE
with	NEGATIVE	NEGATIVE
the	NEGATIVE	NEGATIVE
most	NEGATIVE	NEGATIVE
absolute	NEGATIVE	POSITIVE
confidence	NEGATIVE	POSITIVE
that	NEGATIVE	NEGATIVE
no	NEGATIVE	NEGATIVE
possible	NEGATIVE	NEGATIVE
connection	NEGATIVE	NEGATIVE
will	NEGATIVE	NEGATIVE
ever	NEGATIVE	NEGATIVE
be	NEGATIVE	NEGATIVE
traced	NEGATIVE	NEGATIVE
between	NEGATIVE	NEGATIVE
the	NEGATIVE	NEGATIVE
gentleman	NEGATIVE	POSITIVE
upon	NEGATIVE	NEGATIVE
whose	NEGATIVE	NEGATIVE
front	NEGATIVE	NEGATIVE
teeth	NEGATIVE	NEGATIVE
i	NEGATIVE	NEGATIVE
have	NEGATIVE	NEGATIVE
barked	NEGATIVE	NEGATIVE
my	NEGATIVE	NEGATIVE
knuckles	NEGATIVE	NEGATIVE
and	NEGATIVE	NEGATIVE
the	NEGATIVE	NEGATIVE
retiring	NEGATIVE	NEGATIVE
mathematical	NEGATIVE	NEGATIVE
coach	NEGATIVE	NEGATIVE
,	NEGATIVE	NEGATIVE
who	NEGATIVE	NEGATIVE
is	NEGATIVE	NEGATIVE
,	NEGATIVE	NEGATIVE
i	NEGATIVE	NEGATIVE
dare	NEGATIVE	NEGATIVE
say	NEGATIVE	NEGATIVE
,	NEGATIVE	NEGATIVE
working	NEGATIVE	POSITIVE
out	NEGATIVE	POSITIVE
problems	NEGATIVE	NEGATIVE
upon	NEGATIVE	NEGATIVE
a	NEGATIVE	NEGATIVE
blackboard	NEGATIVE	NEGATIVE
ten	NEGATIVE	NEGATIVE
miles	NEGATIVE	NEGATIVE
away	NEGATIVE	NEGATIVE
.	NEGATIVE	NEGATIVE
capsules	NEGATIVE	NEGATIVE
,	NEGATIVE	NEGATIVE
with	NEGATIVE	NEGATIVE
hundreds	NEGATIVE	NEGATIVE
of	NEGATIVE	NEGATIVE
bright	NEGATIVE	POSITIVE
little	NEGATIVE	NEGATIVE
seeds	NEGATIVE	NEGATIVE
in	NEGATIVE	NEGATIVE
each	NEGATIVE	NEGATIVE
,	NEGATIVE	NEGATIVE
out	NEGATIVE	NEGATIVE
of	NEGATIVE	NEGATIVE
which	NEGATIVE	NEGATIVE
will	NEGATIVE	NEGATIVE
spring	NEGATIVE	NEGATIVE
the	NEGATIVE	NEGATIVE
wiser	NEGATIVE	POSITIVE
,	NEGATIVE	NEGATIVE
better	NEGATIVE	POSITIVE
england	NEGATIVE	NEGATIVE
of	NEGATIVE	NEGATIVE
the	NEGATIVE	NEGATIVE
future	NEGATIVE	POSITIVE
.	NEGATIVE	NEGATIVE
yet	NEGATIVE	NEGATIVE
there	NEGATIVE	NEGATIVE
was	NEGATIVE	NEGATIVE
much	NEGATIVE	NEGATIVE
around	NEGATIVE	NEGATIVE
to	NEGATIVE	NEGATIVE
interest	NEGATIVE	POSITIVE
us	NEGATIVE	NEGATIVE
,	NEGATIVE	NEGATIVE
for	NEGATIVE	NEGATIVE
we	NEGATIVE	NEGATIVE
were	NEGATIVE	NEGATIVE
passing	NEGATIVE	NEGATIVE
through	NEGATIVE	NEGATIVE
as	NEGATIVE	NEGATIVE
singular	NEGATIVE	POSITIVE
a	NEGATIVE	NEGATIVE
countryside	NEGATIVE	NEGATIVE
as	NEGATIVE	NEGATIVE
any	NEGATIVE	NEGATIVE
in	NEGATIVE	NEGATIVE
england	NEGATIVE	NEGATIVE
,	NEGATIVE	NEGATIVE
where	NEGATIVE	NEGATIVE
a	NEGATIVE	NEGATIVE
few	NEGATIVE	NEGATIVE
scattered	NEGATIVE	NEGATIVE
cottages	NEGATIVE	NEGATIVE
represented	NEGATIVE	NEGATIVE
the	NEGATIVE	NEGATIVE
population	NEGATIVE	NEGATIVE
of	NEGATIVE	NEGATIVE
to - day	NEGATIVE	NEGATIVE
,	NEGATIVE	NEGATIVE
while	NEGATIVE	NEGATIVE
on	NEGATIVE	NEGATIVE
every	NEGATIVE	NEGATIVE
hand	NEGATIVE	NEGATIVE
enormous	NEGATIVE	NEGATIVE
square - towered	NEGATIVE	NEGATIVE
churches	NEGATIVE	NEGATIVE
bristled	NEGATIVE	NEGATIVE
up	NEGATIVE	NEGATIVE
from	NEGATIVE	NEGATIVE
the	NEGATIVE	NEGATIVE
flat	NEGATIVE	NEGATIVE
green	NEGATIVE	NEGATIVE
landscape	NEGATIVE	NEGATIVE
and	NEGATIVE	NEGATIVE
told	NEGATIVE	NEGATIVE
of	NEGATIVE	NEGATIVE
the	NEGATIVE	NEGATIVE
glory	NEGATIVE	POSITIVE
and	NEGATIVE	NEGATIVE
prosperity	NEGATIVE	POSITIVE
of	NEGATIVE	NEGATIVE
old	NEGATIVE	NEGATIVE
east	NEGATIVE	NEGATIVE
anglia	NEGATIVE	NEGATIVE
.	NEGATIVE	NEGATIVE
you	NEGATIVE	NEGATIVE
know	NEGATIVE	NEGATIVE
my	NEGATIVE	NEGATIVE
powers	NEGATIVE	POSITIVE
,	NEGATIVE	NEGATIVE
my	NEGATIVE	NEGATIVE
dear	NEGATIVE	POSITIVE
watson	NEGATIVE	NEGATIVE
,	NEGATIVE	NEGATIVE
and	NEGATIVE	NEGATIVE
yet	NEGATIVE	NEGATIVE
at	NEGATIVE	NEGATIVE
the	NEGATIVE	NEGATIVE
end	NEGATIVE	NEGATIVE
of	NEGATIVE	NEGATIVE
three	NEGATIVE	NEGATIVE
months	NEGATIVE	NEGATIVE
i	NEGATIVE	NEGATIVE
was	NEGATIVE	NEGATIVE
forced	NEGATIVE	NEGATIVE
to	NEGATIVE	NEGATIVE
confess	NEGATIVE	NEGATIVE
that	NEGATIVE	NEGATIVE
i	NEGATIVE	NEGATIVE
had	NEGATIVE	NEGATIVE
at	NEGATIVE	NEGATIVE
last	NEGATIVE	NEGATIVE
met	NEGATIVE	NEGATIVE
an	NEGATIVE	NEGATIVE
antagonist	NEGATIVE	NEGATIVE
who	NEGATIVE	NEGATIVE
was	NEGATIVE	NEGATIVE
my	NEGATIVE	NEGATIVE
intellectual	NEGATIVE	POSITIVE
equal	NEGATIVE	POSITIVE
.	NEGATIVE	NEGATIVE
